timestamp,from,to
2022-04-01T23:40:00Z,walfas,koragi_ch
2022-04-08T23:40:00Z,walfas,niceeggy
2022-04-15T23:40:00Z,walfas,henemimi
2022-04-17T23:40:00Z,walfas,mikanthemink
2022-04-19T23:40:00Z,walfas,artssounds
2022-04-20T23:40:00Z,walfas,clauvio
2022-04-21T23:40:00Z,walfas,sagisawaria
2022-04-22T23:40:00Z,walfas,cloverchibi
2022-04-23T23:40:00Z,walfas,bigham_vt
2022-04-24T23:40:00Z,walfas,temmies
2022-04-25T23:40:00Z,walfas,bodegarrat
2022-04-27T23:40:00Z,walfas,alicesawyer
2022-04-28T23:40:00Z,walfas,swirldrop
2022-04-30T23:40:00Z,walfas,koragi_ch
2022-05-02T23:40:00Z,walfas,niceeggy
2022-05-03T23:40:00Z,walfas,no_name_paladin
2022-05-05T23:40:00Z,walfas,chennakitty
2022-05-06T23:40:00Z,walfas,miyuyus
2022-05-07T23:40:00Z,walfas,eira_ch
2022-05-08T23:40:00Z,walfas,goldenkenji
2022-05-09T23:40:00Z,walfas,captainchia
2022-05-10T23:40:00Z,walfas,kkcyber
2022-05-11T23:40:00Z,walfas,hiyorisinn
2022-05-12T23:40:00Z,walfas,floopintoagony
2022-05-13T23:40:00Z,walfas,kochatan
2022-05-14T23:40:00Z,walfas,luavlucky
2022-05-16T23:40:00Z,walfas,kata009
2022-05-18T23:40:00Z,walfas,margo
2022-05-19T23:40:00Z,walfas,amonti_ado
2022-05-20T23:40:00Z,walfas,niceeggy
2022-05-23T23:40:00Z,walfas,beribug
2022-05-24T23:40:00Z,walfas,desporous
2022-05-25T23:40:00Z,walfas,remuonlline
2022-05-26T23:40:00Z,walfas,rayrabenstein
2022-05-27T23:40:00Z,walfas,profbloomvtuber
2022-05-29T23:40:00Z,walfas,bigham_vt
2022-05-31T23:40:00Z,walfas,tazzle_ch
2022-06-01T23:40:00Z,walfas,dot_lvl
2022-06-02T23:40:00Z,walfas,ahringe
2022-06-03T23:40:00Z,walfas,hamflo
2022-06-04T23:40:00Z,walfas,kitanya_is_here
2022-06-06T23:40:00Z,walfas,alicesawyer
2022-06-07T23:40:00Z,walfas,cozy_nero
2022-06-08T23:40:00Z,walfas,voskouv
2022-06-09T23:40:00Z,walfas,hamflo
2022-06-10T23:40:00Z,walfas,grimmivt
2022-06-11T23:40:00Z,walfas,batatvideogames
2022-06-13T23:40:00Z,walfas,ariarinchan
2022-06-14T23:40:00Z,walfas,yuzuki_io
2022-06-15T23:40:00Z,walfas,coqui
2022-06-16T23:40:00Z,walfas,freyjacesteline
2022-06-17T23:40:00Z,walfas,leonidasumbra
2022-06-18T23:40:00Z,walfas,bekogenning
2022-06-20T23:40:00Z,walfas,dahliawintra
2022-06-21T23:40:00Z,walfas,kongouvt
2022-06-22T23:40:00Z,walfas,chocojax
2022-06-23T23:40:00Z,walfas,nasumaturi
2022-06-24T23:40:00Z,walfas,eggch
2022-06-25T23:40:00Z,walfas,waffobaffo
2022-06-27T23:40:00Z,walfas,claudiakatsumoto
2022-06-28T23:40:00Z,walfas,nabunan
2022-06-29T23:40:00Z,walfas,pastsafes
2022-06-30T23:40:00Z,walfas,nikkeinata
2022-07-01T23:40:00Z,walfas,koragi_ch
2022-07-02T04:10:00Z,walfas,yuushakun
2022-07-02T23:40:00Z,walfas,veravee__
2022-07-03T23:40:00Z,walfas,marimari_en
2022-07-04T23:40:00Z,walfas,sunshinenoka
2022-07-05T23:40:00Z,walfas,atlasvos
2022-07-06T23:40:00Z,walfas,charlottexbear
2022-07-07T23:40:00Z,walfas,artssounds
2022-07-08T23:40:00Z,walfas,cecihimevt
2022-07-09T23:40:00Z,walfas,moccachan
2022-07-11T23:40:00Z,walfas,takamuratakako
2022-07-12T23:40:00Z,walfas,floopintoagony
2022-07-13T23:40:00Z,walfas,privatelexi
2022-07-14T23:40:00Z,walfas,laavispa
2022-07-15T23:40:00Z,walfas,hamflo
2022-07-16T23:40:00Z,walfas,chennakitty
2022-07-18T23:40:00Z,walfas,astranomich
2022-07-19T23:40:00Z,walfas,uwoslab
2022-07-20T23:40:00Z,walfas,feebee
2022-07-21T23:40:00Z,walfas,aisriale
2022-07-23T23:40:00Z,walfas,lilith_vt
2022-07-25T23:40:00Z,walfas,ratyyy
2022-07-26T23:40:00Z,walfas,no_name_paladin
2022-07-27T23:40:00Z,walfas,eira_ch
2022-07-28T23:40:00Z,walfas,rwc_hs
2022-07-29T23:40:00Z,walfas,karikaripanko
2022-07-30T23:40:00Z,walfas,paperbag_ch
2022-08-01T23:40:00Z,walfas,maddycaddy
2022-08-02T23:40:00Z,walfas,kikicheesu
2022-08-03T23:40:00Z,walfas,ferrahfang
2022-08-04T23:40:00Z,walfas,rezuul
2022-08-05T23:40:00Z,walfas,quetzhanscoatl
2022-08-08T23:40:00Z,walfas,mikanthemink
2022-08-09T23:40:00Z,walfas,ruamamiya
2022-08-11T23:40:00Z,walfas,goki_dev
2022-08-12T23:40:00Z,walfas,beareatsalmon
2022-08-13T23:40:00Z,walfas,uzukitomoya
2022-08-15T23:40:00Z,walfas,lykalynx
2022-08-16T23:40:00Z,walfas,captainchia
2022-08-17T23:40:00Z,walfas,arthurabbott
2022-08-18T23:40:00Z,walfas,tipanya
2022-08-19T23:40:00Z,walfas,nasumaturi
2022-08-20T23:40:00Z,walfas,kuxips
2022-08-22T23:40:00Z,walfas,cheshirette
2022-08-23T23:40:00Z,walfas,girutea
2022-08-24T23:40:00Z,walfas,rybuca
2022-08-26T23:40:00Z,walfas,ug1ysonuvabun
2022-08-27T23:40:00Z,walfas,nanodan_
2022-08-29T23:40:00Z,walfas,dahliawintra
2022-08-30T23:40:00Z,walfas,woozle_ch
2022-08-31T23:40:00Z,walfas,pickychannel
2022-09-01T23:40:00Z,walfas,munibug
2022-09-02T23:40:00Z,walfas,mikanthemink
2022-09-03T23:40:00Z,walfas,miyuyus
2022-09-05T23:40:00Z,walfas,tsundubuvt
2022-09-06T23:40:00Z,walfas,kochatan
2022-09-07T23:40:00Z,walfas,koffie_ch
2022-09-08T23:40:00Z,walfas,souly_ch
2022-09-09T23:40:00Z,walfas,bodegarrat
2022-09-10T23:40:00Z,walfas,quillvtuber
2022-09-12T23:40:00Z,walfas,captainchia
2022-09-13T23:40:00Z,walfas,charlottexbear
2022-09-14T23:40:00Z,walfas,henemimi
2022-09-15T23:40:00Z,walfas,nyaruchuuu
2022-09-16T23:40:00Z,walfas,kongouvt
2022-09-17T23:40:00Z,walfas,kkcyber
2022-09-19T23:40:00Z,walfas,niceeggy
2022-09-20T23:40:00Z,walfas,tipanya
2022-09-21T23:40:00Z,walfas,tazzle_ch
2022-09-22T23:40:00Z,walfas,arkythebear
2022-09-23T23:40:00Z,walfas,koragi_ch
2022-09-24T23:40:00Z,walfas,ninaninin
2022-09-26T23:40:00Z,walfas,eira_ch
2022-09-27T23:40:00Z,walfas,chocojax
2022-09-28T23:40:00Z,walfas,maikyua
2022-09-29T23:40:00Z,walfas,cloverinari
2022-09-30T23:40:00Z,walfas,chennakitty
2022-10-01T23:40:00Z,walfas,bekogenning
2022-10-03T23:40:00Z,walfas,rikinyanko
2022-10-04T23:40:00Z,walfas,laavispa
2022-10-05T23:40:00Z,walfas,benjamindatum
2022-10-06T23:40:00Z,walfas,freyaguma
2022-10-07T23:40:00Z,walfas,hamflo
2022-10-08T23:40:00Z,walfas,batatvideogames
2022-10-10T23:40:00Z,walfas,swirldrop
2022-10-11T23:40:00Z,walfas,x__hel__x
2022-10-12T23:40:00Z,walfas,meat
2022-10-13T23:40:00Z,walfas,ilyayenotka
2022-10-14T23:40:00Z,walfas,yuzuki_io
2022-10-15T23:40:00Z,walfas,lonestarcolt
2022-10-17T23:40:00Z,walfas,pastsafes
2022-10-18T23:40:00Z,walfas,dahliawintra
2022-10-19T23:40:00Z,walfas,atlasvos
2022-10-20T23:40:00Z,walfas,sleepsiech
2022-10-21T23:40:00Z,walfas,snackoracko
2022-10-22T23:40:00Z,walfas,ashtonmarten
2022-10-24T23:40:00Z,walfas,viracchi
2022-10-25T23:40:00Z,walfas,arthurabbott
2022-10-26T23:40:00Z,walfas,artssounds
2022-10-27T23:40:00Z,walfas,ferrahfang
2022-10-28T23:40:00Z,walfas,spwooqi
2022-10-29T23:40:00Z,walfas,chocojax
2022-10-31T23:40:18Z,walfas,munibug
2022-11-01T23:44:01Z,walfas,shadychama
2022-11-02T23:48:15Z,walfas,halbernacht
2022-11-03T23:39:43Z,walfas,beribug
2022-11-04T23:47:58Z,walfas,captainchia
2022-11-05T23:51:54Z,walfas,aicanplay
2022-11-08T00:43:57Z,walfas,nyaruchuuu
2022-11-09T00:37:34Z,walfas,uwoslab
2022-11-10T00:39:18Z,walfas,bodegarrat
2022-11-11T00:43:00Z,walfas,beareatsalmon
2022-11-12T00:50:18Z,walfas,arkythebear
2022-11-13T00:47:52Z,walfas,disembodiedvoices
2022-11-15T00:42:59Z,walfas,luavlucky
2022-11-16T00:37:31Z,walfas,kongouvt
2022-11-17T00:37:23Z,walfas,taysamey
2022-11-18T00:45:25Z,walfas,cecihimevt
2022-11-19T00:47:36Z,walfas,redavt
2022-11-20T00:45:43Z,walfas,maplewinters
2022-11-22T00:48:00Z,walfas,kikicheesu
2022-11-23T00:41:08Z,walfas,sagisawaria
2022-11-24T00:38:56Z,walfas,juniihejjiko
2022-11-26T00:45:39Z,walfas,rayrabenstein
2022-11-27T00:37:50Z,walfas,ariarinchan
2022-11-29T00:39:47Z,walfas,phreid
2022-11-30T00:46:05Z,walfas,girutea
2022-12-01T00:46:54Z,walfas,hiyorisinn
2022-12-02T00:41:05Z,walfas,maikyua
2022-12-03T00:50:27Z,walfas,gumiho_nari
2022-12-04T00:48:03Z,walfas,uwoslab
2022-12-06T00:44:46Z,walfas,profbloomvtuber
2022-12-07T00:48:51Z,walfas,eira_ch
2022-12-08T00:47:42Z,walfas,opheliaavalon
2022-12-09T00:39:36Z,walfas,lilyhops
2022-12-10T00:49:01Z,walfas,aicanplay
2022-12-11T00:43:26Z,walfas,koragi_ch
2022-12-13T00:40:25Z,walfas,cheshirette
2022-12-14T00:42:08Z,walfas,hamflo
2022-12-15T00:47:14Z,walfas,chocojax
2022-12-16T00:47:22Z,walfas,dot_lvl
2022-12-17T00:43:13Z,walfas,snackoracko
2022-12-18T00:37:21Z,walfas,captainchia
2022-12-20T00:49:02Z,walfas,laavispa
2022-12-21T00:40:56Z,walfas,nanasecain
2022-12-22T00:46:20Z,walfas,rem2ember
2022-12-23T00:43:28Z,walfas,rainyshrimpy
2022-12-24T00:46:11Z,walfas,bonkdu
2022-12-25T00:49:21Z,walfas,nanodan_
2022-12-27T00:44:48Z,walfas,mintcastella
2022-12-28T00:44:20Z,walfas,mikanthemink
2022-12-29T00:49:22Z,walfas,henemimi
2022-12-30T00:43:07Z,walfas,bunzel_ch
2022-12-31T00:41:59Z,walfas,chocojax
2023-01-01T00:43:47Z,walfas,koragi_ch
2023-01-03T00:53:56Z,walfas,anicloverclub
2023-01-04T01:04:48Z,walfas,dear_bah
2023-01-05T00:44:39Z,walfas,freyjacesteline
2023-01-06T00:45:58Z,walfas,goldenkenji
2023-01-07T00:50:31Z,walfas,pupber
2023-01-08T00:54:53Z,walfas,astersola
2023-01-10T00:42:40Z,walfas,charlottexbear
2023-01-11T00:41:58Z,walfas,ilyayenotka
2023-01-12T00:44:27Z,walfas,nasumaturi
2023-01-13T00:44:52Z,walfas,clauvio
2023-01-14T00:43:59Z,walfas,skelesund
2023-01-15T00:55:15Z,walfas,stalkeralker
2023-01-17T00:49:30Z,walfas,ceropup
2023-01-18T00:40:08Z,walfas,swirldrop
2023-01-19T00:44:38Z,walfas,privatelexi
2023-01-20T00:50:04Z,walfas,hamflo
2023-01-21T00:52:08Z,walfas,thegeniea1
2023-01-24T00:48:16Z,walfas,ninoegyn
2023-01-25T00:48:39Z,walfas,no_name_paladin
2023-01-26T00:45:57Z,walfas,alicesawyer
2023-01-27T00:44:34Z,walfas,tipanya
2023-01-28T00:45:52Z,walfas,kotomisnacks
2023-01-29T00:55:37Z,walfas,viracchi
2023-01-31T00:49:17Z,walfas,moccachan
2023-02-01T00:45:22Z,walfas,atlasvos
2023-02-02T00:52:19Z,walfas,sunshinenoka
2023-02-03T00:48:08Z,walfas,nyaruchuuu
2023-02-04T00:49:39Z,walfas,nabunan
2023-02-05T00:56:08Z,walfas,nanodan_
2023-02-07T00:41:35Z,walfas,rikinyanko
2023-02-08T00:48:51Z,walfas,phreid
2023-02-09T00:49:02Z,walfas,chennakitty
2023-02-10T00:46:16Z,walfas,all_bonesjones
2023-02-11T00:55:46Z,walfas,pandoholic
2023-02-12T00:49:38Z,walfas,bigham_vt
2023-02-14T00:46:42Z,walfas,captainchia
2023-02-15T00:50:13Z,walfas,ceropup
2023-02-16T00:43:53Z,walfas,purityvalentine
2023-02-17T00:52:21Z,walfas,maroony
2023-02-18T00:51:01Z,walfas,tazzle_ch
2023-02-19T00:58:55Z,walfas,cloverchibi
2023-02-21T00:57:08Z,walfas,margo
2023-02-22T00:49:01Z,walfas,koffie_ch
2023-02-23T00:52:59Z,walfas,rem2ember
2023-02-24T00:48:14Z,walfas,uwoslab
2023-02-25T00:52:10Z,walfas,chocojax
2023-02-26T00:53:20Z,walfas,karin_ch
2023-02-28T00:44:12Z,walfas,catubermona
2023-03-01T00:48:38Z,walfas,klouvette
2023-03-02T00:40:36Z,walfas,arypie
2023-03-04T00:50:37Z,walfas,brlias
2023-03-05T00:45:09Z,walfas,mintcastella
2023-03-07T00:43:14Z,walfas,sagisawaria
2023-03-08T00:49:12Z,walfas,ilyayenotka
2023-03-09T00:46:36Z,walfas,kitanya_is_here
2023-03-10T00:46:04Z,walfas,unsomnus
2023-03-11T00:48:58Z,walfas,souly_ch
2023-03-12T00:50:06Z,walfas,hamflo
2023-03-13T23:48:29Z,walfas,pastsafes
2023-03-14T23:47:10Z,walfas,kuxips
2023-03-15T23:44:50Z,walfas,henemimi
2023-03-16T23:45:25Z,walfas,ahringe
2023-03-17T23:46:03Z,walfas,nanasecain
2023-03-20T23:47:28Z,walfas,coalll
2023-03-21T23:45:29Z,walfas,kkcyber
2023-03-22T23:46:49Z,walfas,vanillevt
2023-03-23T23:49:13Z,walfas,captainchia
2023-03-24T23:46:15Z,walfas,asahinachie
2023-03-25T23:44:40Z,walfas,koragi_ch
2023-03-27T23:47:50Z,walfas,spwooqi
2023-03-28T23:54:54Z,walfas,no_name_paladin
2023-03-29T23:48:22Z,walfas,chocojax
2023-03-30T23:48:14Z,walfas,nasumaturi
2023-03-31T23:58:33Z,walfas,miyuyus
2023-04-02T00:02:29Z,walfas,cheshirette
2023-04-03T23:52:45Z,walfas,arkythebear
2023-04-04T23:49:45Z,walfas,rem2ember
2023-04-05T23:48:38Z,walfas,margo
2023-04-06T23:52:37Z,walfas,hiyorisinn
2023-04-07T23:51:26Z,walfas,tipanya
2023-04-08T23:52:05Z,walfas,ruamamiya
2023-04-10T23:46:40Z,walfas,kotomisnacks
2023-04-11T23:52:20Z,walfas,bekogenning
2023-04-12T23:48:25Z,walfas,essie_ch
2023-04-13T23:46:07Z,walfas,mintcastella
2023-04-14T23:48:37Z,walfas,kochatan
2023-04-16T00:02:42Z,walfas,luavlucky
2023-04-17T23:56:15Z,walfas,mi5kl_
2023-04-18T23:58:13Z,walfas,skeletom_ch
2023-04-19T23:44:33Z,walfas,ug1ysonuvabun
2023-04-20T23:46:15Z,walfas,leaflit
2023-04-21T23:47:20Z,walfas,chocojax
2023-04-23T00:01:17Z,walfas,viracchi
2023-04-24T23:54:22Z,walfas,hoshinospica
2023-04-25T23:57:23Z,walfas,ferrahfang
2023-04-26T23:48:55Z,walfas,glubie
2023-04-27T23:50:33Z,walfas,gumiho_nari
2023-04-28T23:50:35Z,walfas,souly_ch
2023-04-30T00:03:32Z,walfas,kkcyber
2023-05-01T23:44:55Z,walfas,hamflo
2023-05-02T23:48:35Z,walfas,artssounds
2023-05-03T23:46:49Z,walfas,cecihimevt
2023-05-04T23:46:04Z,walfas,frusumi
2023-05-05T23:54:14Z,walfas,zulleyy3
2023-05-07T00:05:31Z,walfas,takamuratakako
2023-05-08T23:53:19Z,walfas,chocojax
2023-05-09T23:49:20Z,walfas,kreola_
2023-05-10T23:45:00Z,walfas,kongouvt
2023-05-11T23:47:46Z,walfas,beribug
2023-05-12T23:47:07Z,walfas,nyaruchuuu
2023-05-13T23:47:46Z,walfas,uwoslab
2023-05-16T00:14:18Z,walfas,snackoracko
2023-05-17T00:00:18Z,walfas,yosh
2023-05-17T23:45:58Z,walfas,grimmivt
2023-05-18T23:54:15Z,walfas,clauvio
2023-05-19T23:51:27Z,walfas,captainchia
2023-05-21T00:04:08Z,walfas,nabunan
2023-05-23T00:12:50Z,walfas,corpse_ch
2023-05-23T23:59:10Z,walfas,atlasvos
2023-05-24T23:49:24Z,walfas,eira_ch
2023-05-25T23:48:11Z,walfas,mintcastella
2023-05-26T23:51:12Z,walfas,beareatsalmon
2023-05-27T23:46:41Z,walfas,soyapoya
2023-05-29T23:58:07Z,walfas,thegeniea1
2023-05-30T23:51:42Z,walfas,yuushakun
2023-05-31T23:50:11Z,walfas,kyurura
2023-06-01T23:49:27Z,walfas,maikyua
2023-06-02T23:47:27Z,walfas,lofam
2023-06-03T23:58:05Z,walfas,koragi_ch
2023-06-05T23:59:45Z,walfas,nellieandgrits
2023-06-06T23:52:48Z,walfas,alicesawyer
2023-06-07T23:34:04Z,walfas,arkythebear
2023-06-08T23:48:24Z,walfas,sunshinenoka
2023-06-09T23:48:39Z,walfas,essie_ch
2023-06-10T23:57:23Z,walfas,eggch
2023-06-13T23:51:37Z,walfas,ilyayenotka
2023-06-14T23:46:04Z,walfas,hamflo
2023-06-15T23:52:48Z,walfas,ayasamivt
2023-06-16T23:51:00Z,walfas,kaguya
2023-06-17T23:48:51Z,walfas,bigham_vt
2023-06-19T23:55:39Z,walfas,margo
2023-06-20T23:47:16Z,walfas,privatelexi
2023-06-21T23:44:35Z,walfas,chocojax
2023-06-22T23:50:23Z,walfas,fangguu
2023-06-23T23:52:17Z,walfas,quetzhanscoatl
2023-06-24T23:48:13Z,walfas,souly_ch
2023-06-26T23:46:15Z,walfas,juniihejjiko
2023-06-27T23:51:00Z,walfas,ninoegyn
2023-06-28T23:47:17Z,walfas,viracchi
2023-06-29T23:48:48Z,walfas,no_name_paladin
2023-06-30T23:48:09Z,walfas,chennakitty
2023-07-01T23:46:29Z,walfas,kuxips
2023-07-03T23:50:32Z,walfas,anicloverclub
2023-07-04T23:46:21Z,walfas,coalll
2023-07-05T23:22:00Z,walfas,pastsafes
2023-07-06T23:48:38Z,walfas,denpafish
2023-07-07T23:47:00Z,walfas,hoshinospica
2023-07-09T00:14:02Z,walfas,hamflo
2023-07-10T23:45:25Z,walfas,bekogenning
2023-07-11T23:48:42Z,walfas,phreid
2023-07-12T23:44:26Z,walfas,floopintoagony
2023-07-13T23:50:20Z,walfas,bodegarrat
2023-07-14T23:46:50Z,walfas,essie_ch
2023-07-15T23:44:05Z,walfas,merpperoni
2023-07-17T23:46:14Z,walfas,karikaripanko
2023-07-18T23:45:03Z,walfas,rezuul
2023-07-19T23:47:20Z,walfas,uwoslab
2023-07-20T23:44:36Z,walfas,glubie
2023-07-21T23:49:34Z,walfas,chocojax
2023-07-22T23:56:21Z,walfas,nanodan_
2023-07-24T23:50:44Z,walfas,spwooqi
2023-07-25T23:49:08Z,walfas,kkcyber
2023-07-26T23:44:39Z,walfas,luavlucky
2023-07-27T23:56:38Z,walfas,thegeniea1
2023-07-28T23:47:44Z,walfas,niceeggy
2023-07-29T23:57:03Z,walfas,koragi_ch
2023-07-31T23:50:02Z,walfas,mi5kl_
2023-08-01T23:42:51Z,walfas,gumiho_nari
2023-08-02T23:44:27Z,walfas,cozy_nero
2023-08-03T23:49:25Z,walfas,novapantsu
2023-08-04T23:48:02Z,walfas,essie_ch
2023-08-05T23:44:58Z,walfas,arthurabbott
2023-08-07T23:39:36Z,walfas,captainchia
2023-08-08T23:44:30Z,walfas,koffie_ch
2023-08-09T23:43:42Z,walfas,leonidasumbra
2023-08-10T23:43:12Z,walfas,zulleyy3
2023-08-11T23:44:33Z,walfas,pickychannel
2023-08-12T23:51:30Z,walfas,beribug
2023-08-14T23:49:47Z,walfas,unsomnus
2023-08-15T23:47:41Z,walfas,atlasvos
2023-08-16T23:44:26Z,walfas,profbloomvtuber
2023-08-17T23:45:08Z,walfas,yuzuki_io
2023-08-18T23:44:59Z,walfas,charlottexbear
2023-08-19T23:44:57Z,walfas,ratyyy
2023-08-21T23:55:37Z,walfas,miyuyus
2023-08-22T23:40:52Z,walfas,alicesawyer
2023-08-23T23:42:58Z,walfas,bunirapuni
2023-08-25T23:47:17Z,walfas,hiyorisinn
2023-08-26T23:45:37Z,walfas,koragi_ch
2023-08-28T23:45:34Z,walfas,cheshirette
2023-08-29T23:47:57Z,walfas,nellieandgrits
2023-08-30T23:45:22Z,walfas,shamialive
2023-08-31T23:43:18Z,walfas,no_name_paladin
2023-09-01T23:47:28Z,walfas,nyaruchuuu
2023-09-02T23:49:00Z,walfas,ceropup
2023-09-04T23:46:37Z,walfas,henemimi
2023-09-05T23:47:03Z,walfas,rainyshrimpy
2023-09-06T23:39:56Z,walfas,denpafish
2023-09-07T23:50:12Z,walfas,lofam
2023-09-08T23:44:54Z,walfas,souly_ch
2023-09-09T23:43:30Z,walfas,nabunan
2023-09-11T23:48:07Z,walfas,chocojax
2023-09-12T23:58:19Z,walfas,captainchia
2023-09-13T23:46:04Z,walfas,kochatan
2023-09-14T23:44:35Z,walfas,essie_ch
2023-09-15T23:45:29Z,walfas,snackoracko
2023-09-16T23:49:26Z,walfas,kael
2023-09-18T23:44:02Z,walfas,skeletom_ch
2023-09-20T23:45:58Z,walfas,kyurura
2023-09-21T23:45:10Z,walfas,kotomisnacks
2023-09-22T23:48:55Z,walfas,kongouvt
2023-09-23T23:46:37Z,walfas,clauvio
2023-09-25T23:47:33Z,walfas,ninaninin
2023-09-26T23:48:25Z,walfas,astranomich
2023-09-27T23:45:41Z,walfas,ilyayenotka
2023-09-28T23:48:34Z,walfas,shadychama
2023-09-29T23:46:31Z,walfas,arypie
2023-09-30T23:47:35Z,walfas,chennakitty
2023-10-02T23:49:27Z,walfas,uwoslab
2023-10-03T23:45:36Z,walfas,goki_dev
2023-10-04T23:42:52Z,walfas,frusumi
2023-10-05T23:43:01Z,walfas,chocojax
2023-10-06T23:44:38Z,walfas,hyunicat
2023-10-07T23:48:56Z,walfas,mintcastella
2023-10-09T23:47:36Z,walfas,girutea
2023-10-10T23:46:25Z,walfas,privatelexi
2023-10-11T23:47:25Z,walfas,bonkdu
2023-10-13T23:46:56Z,walfas,kkcyber
2023-10-14T23:45:51Z,walfas,nikkeinata
2023-10-16T23:43:33Z,walfas,rikinyanko
2023-10-17T23:47:53Z,walfas,karin_ch
2023-10-18T23:45:25Z,walfas,lonestarcolt
2023-10-19T23:45:54Z,walfas,ninoegyn
2023-10-20T23:50:36Z,walfas,hamflo
2023-10-21T23:45:49Z,walfas,thegeniea1
2023-10-23T23:44:49Z,walfas,essie_ch
2023-10-24T23:49:59Z,walfas,chocojax
2023-10-25T23:47:27Z,walfas,takamuratakako
2023-10-26T23:45:19Z,walfas,lilyhops
2023-10-27T23:47:08Z,walfas,captainchia
2023-10-28T23:46:26Z,walfas,sunshinenoka
2023-10-30T23:46:32Z,walfas,karikaripanko
2023-10-31T23:46:45Z,walfas,nanodan_
2023-11-01T23:47:20Z,walfas,gumiho_nari
2023-11-02T23:46:11Z,walfas,kaguya
2023-11-03T23:47:36Z,walfas,bekogenning
2023-11-04T23:45:14Z,walfas,kreola_
2023-11-07T00:47:46Z,walfas,maikyua
2023-11-08T00:44:32Z,walfas,rem2ember
2023-11-10T00:48:45Z,walfas,hiyorisinn
2023-11-11T00:48:52Z,walfas,soyapoya
2023-11-12T00:52:47Z,walfas,shamialive
2023-11-14T00:45:40Z,walfas,niceeggy
2023-11-15T00:55:41Z,walfas,cloverinari
2023-11-16T00:45:52Z,walfas,cowgirlcowgirl
2023-11-17T00:48:46Z,walfas,rezuul
2023-11-18T00:45:58Z,walfas,souly_ch
2023-11-19T00:47:02Z,walfas,spwooqi
2023-11-21T00:48:31Z,walfas,mi5kl_
2023-11-22T00:47:50Z,walfas,margo
2023-11-23T00:45:58Z,walfas,astersola
2023-11-25T00:49:41Z,walfas,beribug
2023-11-26T00:47:05Z,walfas,mikanthemink
2023-12-05T00:38:31Z,walfas,maarionete
2023-12-06T00:48:07Z,walfas,tipanya
2023-12-08T00:46:46Z,walfas,mintcastella
2023-12-09T00:45:45Z,walfas,bigham_vt
2023-12-10T00:49:40Z,walfas,leonidasumbra
2023-12-12T00:48:10Z,walfas,novapantsu
2023-12-13T00:46:34Z,walfas,munibug
2023-12-14T00:48:20Z,walfas,sylphrin
2023-12-15T00:45:33Z,walfas,no_name_paladin
2023-12-16T00:45:09Z,walfas,cheshirette
2023-12-19T00:46:53Z,walfas,merpperoni
2023-12-20T00:46:55Z,walfas,the_eggroller
2023-12-21T00:47:32Z,walfas,alicesawyer
2023-12-22T00:46:18Z,walfas,nellieandgrits
2023-12-23T00:51:23Z,walfas,captainchia
2023-12-24T00:51:37Z,walfas,bodegarrat
2023-12-26T00:58:35Z,walfas,artssounds
2023-12-27T00:56:31Z,walfas,essie_ch
2023-12-28T00:47:32Z,walfas,stalkeralker
2023-12-29T00:50:29Z,walfas,chocojax
2023-12-30T00:49:35Z,walfas,dot_lvl
2023-12-31T00:59:38Z,walfas,coalll
2024-01-02T00:49:24Z,walfas,takamuratakako
2024-01-03T00:46:20Z,walfas,laavispa
2024-01-04T00:50:57Z,walfas,floopintoagony
2024-01-05T00:55:58Z,walfas,ninoegyn
2024-01-06T00:48:08Z,walfas,thegeniea1
2024-01-07T00:47:28Z,walfas,souly_ch
2024-01-09T00:46:47Z,walfas,nasumaturi
2024-01-10T00:44:25Z,walfas,ilyayenotka
2024-01-11T00:46:11Z,walfas,fangguu
2024-01-12T00:49:52Z,walfas,nyaruchuuu
2024-01-13T00:46:50Z,walfas,essie_ch
2024-01-14T00:47:51Z,walfas,henemimi
2024-01-16T00:48:05Z,walfas,karikaripanko
2024-01-17T00:56:06Z,walfas,nabunan
2024-01-18T00:49:46Z,walfas,rainyshrimpy
2024-01-19T00:54:06Z,walfas,chocojax
2024-01-20T00:53:31Z,walfas,colemthegolem
2024-01-21T00:57:26Z,walfas,nanodan_
2024-01-23T00:57:55Z,walfas,lilyhops
2024-01-24T00:45:22Z,walfas,lilybwees
2024-01-25T00:49:13Z,walfas,sagisawaria
2024-01-26T00:49:32Z,walfas,koragi_ch
2024-01-27T00:48:59Z,walfas,chocojax
2024-01-28T00:48:07Z,walfas,frusumi
2024-01-30T00:48:30Z,walfas,eira_ch
2024-01-31T00:47:47Z,walfas,uwoslab
2024-02-01T00:51:24Z,walfas,chennakitty
2024-02-02T00:49:59Z,walfas,dofume
2024-02-03T00:50:46Z,walfas,chocojax
2024-02-04T00:50:57Z,walfas,hamflo
2024-02-06T00:50:54Z,walfas,spwooqi
2024-02-07T00:50:07Z,walfas,sylphrin
2024-02-08T00:49:08Z,walfas,privatelexi
2024-02-09T00:51:01Z,walfas,rem2ember
2024-02-11T00:55:13Z,walfas,cheshirette
2024-02-13T00:52:19Z,walfas,mi5kl_
2024-02-14T00:50:23Z,walfas,coalll
2024-02-15T00:50:39Z,walfas,kaguya
2024-02-16T00:50:49Z,walfas,ninoegyn
2024-02-17T00:50:50Z,walfas,mikanthemink
2024-02-18T00:49:39Z,walfas,beribug
2024-02-20T00:45:51Z,walfas,kerimaravt
2024-02-21T00:50:49Z,walfas,kkcyber
2024-02-22T00:51:25Z,walfas,uwoslab
2024-02-23T00:49:16Z,walfas,no_name_paladin
2024-02-24T00:50:56Z,walfas,kotomisnacks
2024-02-25T00:50:37Z,walfas,ghostgirlmarlie
2024-02-27T00:53:58Z,walfas,chocojax
2024-02-28T01:00:46Z,walfas,ilyayenotka
2024-02-29T00:46:13Z,walfas,denpafish
2024-03-01T00:50:30Z,walfas,essie_ch
2024-03-02T00:54:44Z,walfas,kreola_
2024-03-03T00:54:48Z,walfas,pastsafes
2024-03-05T00:47:24Z,walfas,souly_ch
2024-03-06T00:58:14Z,walfas,captainchia
2024-03-07T00:49:27Z,walfas,henemimi
2024-03-08T00:52:46Z,walfas,hiyorisinn
2024-03-09T00:49:01Z,walfas,tipanya
2024-03-10T00:48:25Z,walfas,lofam
2024-03-11T23:49:20Z,walfas,stalkeralker
2024-03-14T23:53:10Z,walfas,twilly
2024-03-15T23:52:41Z,walfas,jovilly
2024-03-16T23:49:10Z,walfas,ashtonmarten
2024-03-18T23:54:36Z,walfas,hamflo
2024-03-19T23:54:57Z,walfas,charlieys
2024-03-20T23:52:27Z,walfas,sunshinenoka
2024-03-21T23:56:08Z,walfas,thegeniea1
2024-03-23T23:51:12Z,walfas,teru
2024-03-25T23:50:57Z,walfas,arypie
2024-03-26T23:53:10Z,walfas,coalll
2024-03-27T23:50:25Z,walfas,lilybwees
2024-03-28T23:55:40Z,walfas,rayrabenstein
2024-03-29T23:57:31Z,walfas,parasi
2024-03-30T23:49:53Z,walfas,koragi_ch
2024-04-02T00:01:53Z,walfas,chocojax
2024-04-03T23:49:49Z,walfas,laavispa
2024-04-05T23:53:01Z,walfas,ninoegyn
2024-04-06T23:49:32Z,walfas,henemimi
2024-04-08T23:58:07Z,walfas,ghostgirlmarlie
2024-04-10T23:53:31Z,walfas,yewfie_vt
2024-04-12T23:50:28Z,walfas,colemthegolem
2024-04-13T23:58:02Z,walfas,zulleyy3
2024-04-15T23:56:33Z,walfas,elis
2024-04-17T23:50:15Z,walfas,friedanox
2024-04-19T23:53:35Z,walfas,kongouvt
2024-04-20T23:48:34Z,walfas,chocojax
2024-04-22T23:51:24Z,walfas,miyuyus
2024-04-24T23:52:47Z,walfas,kkcyber
2024-04-26T23:55:45Z,walfas,vanillevt
2024-04-27T23:52:06Z,walfas,lemnonychus
2024-04-29T23:53:53Z,walfas,novapantsu
2024-05-03T23:58:11Z,walfas,charlottexbear
2024-05-04T23:50:16Z,walfas,henemimi
2024-05-06T23:53:00Z,walfas,essie_ch
2024-05-08T23:56:17Z,walfas,kuxips
2024-05-10T23:57:43Z,walfas,souly_ch
2024-05-11T21:04:20Z,walfas,profbloomvtuber
2024-05-13T23:50:40Z,walfas,the_eggroller
2024-05-17T23:58:48Z,walfas,kitanya_is_here
2024-05-18T23:54:07Z,walfas,chocojax
2024-05-20T23:56:19Z,walfas,margo
2024-05-22T23:53:07Z,walfas,mikanthemink
2024-05-24T23:57:38Z,walfas,essie_ch
2024-05-25T23:57:55Z,walfas,nanodan_
2024-05-27T23:57:11Z,walfas,uwoslab
2024-05-29T23:58:37Z,walfas,chennakitty
2024-05-31T23:58:18Z,walfas,maikyua
2024-06-02T00:00:12Z,walfas,nanasecain
2024-06-04T00:00:21Z,walfas,ilyayenotka
2024-06-05T23:45:13Z,walfas,cvnka
2024-06-07T23:57:39Z,walfas,hiyorisinn
2024-06-08T23:57:33Z,walfas,koragi_ch
2024-06-10T23:59:06Z,walfas,nyaruchuuu
2024-06-12T23:46:10Z,walfas,alicesawyer
2024-06-15T00:03:38Z,walfas,glubie
2024-06-16T00:04:28Z,walfas,nabunan
2024-06-17T23:56:24Z,walfas,essie_ch
2024-06-20T00:01:32Z,walfas,chocojax
2024-06-20T23:56:39Z,walfas,margo
2024-06-21T23:59:38Z,walfas,bigham_vt
2024-06-22T23:57:45Z,walfas,souly_ch
2024-06-24T23:57:48Z,walfas,yewfie_vt
2024-06-26T23:57:05Z,walfas,nellieandgrits
2024-06-29T00:00:51Z,walfas,lofam
2024-06-29T23:55:55Z,walfas,chocojax
2024-07-01T23:57:42Z,walfas,rezuul
2024-07-03T23:56:43Z,walfas,coalll
2024-07-04T23:56:29Z,walfas,kaguya
2024-07-05T23:56:12Z,walfas,marocaron
2024-07-06T23:58:20Z,walfas,ninaninin
2024-07-08T23:55:58Z,walfas,arypie
2024-07-10T23:52:51Z,walfas,takamuratakako
2024-07-12T23:55:29Z,walfas,beareatsalmon
2024-07-13T23:54:17Z,walfas,shimadatiger
2024-07-16T00:00:17Z,walfas,beribug
2024-07-17T23:58:55Z,walfas,karin_ch
2024-07-19T23:56:19Z,walfas,kreola_
2024-07-20T23:56:01Z,walfas,essie_ch
2024-07-23T00:00:17Z,walfas,thegeniea1
2024-07-24T23:56:21Z,walfas,novapantsu
2024-07-27T00:00:37Z,walfas,uwoslab
2024-07-27T23:56:04Z,walfas,twilly
2024-07-29T23:59:26Z,walfas,yuushakun
2024-08-01T00:01:23Z,walfas,colemthegolem
2024-08-02T23:57:26Z,walfas,michaelhunt1122
2024-08-04T00:00:08Z,walfas,captainchia
2024-08-05T23:55:59Z,walfas,jovilly
2024-08-07T23:56:23Z,walfas,dofume
2024-08-09T23:55:55Z,walfas,laavispa
2024-08-10T23:56:10Z,walfas,nanodan_
2024-08-14T23:54:28Z,walfas,privatelexi
2024-08-17T00:07:56Z,walfas,yuuna
2024-08-17T23:58:35Z,walfas,henemimi
2024-08-19T23:55:53Z,walfas,grave_weaver
2024-08-21T23:55:31Z,walfas,kkcyber
2024-08-23T23:57:26Z,walfas,fangguu
2024-08-24T23:59:45Z,walfas,koragi_ch
2024-08-26T23:54:38Z,walfas,elis
2024-08-28T23:54:14Z,walfas,alicesawyer
2024-09-04T23:23:09Z,walfas,chocojax
2024-09-09T23:57:01Z,walfas,the_eggroller
2024-09-11T23:57:11Z,walfas,spwooqi
2024-09-14T00:04:33Z,walfas,karin_ch
2024-09-15T00:01:41Z,walfas,zulleyy3
2024-09-17T00:00:17Z,walfas,chocojax
2024-09-18T23:59:01Z,walfas,souly_ch
2024-09-21T00:00:09Z,walfas,kitanya_is_here
